Contact,Direction,Sent Date,Subject,Name
003dM000005H5A5QAK,Inbound,2025-01-19T12:00:00.000Z,Account balance discrepancy investigation: Please find the detailed explanation and actions required for your request.,Account balance discrepancy investigation
003dM000005H5A5QAK,Inbound,2025-01-19T12:00:00.000Z,Credit card application follow-up: Please find the detailed explanation and actions required for your request.,Credit card application follow-up
003dM000005H5A5QAK,Inbound,2025-01-19T12:00:00.000Z,Overdraft protection activation: Please find the detailed explanation and actions required for your request.,Overdraft protection activation
003dM000005H5A5QAK,Inbound,2025-01-19T12:00:00.000Z,Savings account interest rate inquiry: Please find the detailed explanation and actions required for your request.,Savings account interest rate inquiry
003dM000005H5A5QAK,Inbound,2025-01-19T12:00:00.000Z,Loan repayment schedule adjustment: Please find the detailed explanation and actions required for your request.,Loan repayment schedule adjustment
003dM000005H5A5QAK,Inbound,2025-01-19T12:00:00.000Z,Debit card PIN reset request: Please find the detailed explanation and actions required for your request.,Debit card PIN reset request
003dM000005H5A5QAK,Inbound,2025-01-19T12:00:00.000Z,New fixed deposit account opening: Please find the detailed explanation and actions required for your request.,New fixed deposit account opening
003dM000005H5A5QAK,Inbound,2025-01-19T12:00:00.000Z,Account beneficiary addition process: Please find the detailed explanation and actions required for your request.,Account beneficiary addition process
003dM000005H5A5QAK,Inbound,2025-01-19T12:00:00.000Z,Mortgage interest rate options review: Please find the detailed explanation and actions required for your request.,Mortgage interest rate options review
003dM000005H5A6QAK,Inbound,2025-01-19T12:00:00.000Z,Investment portfolio update: Please find the detailed explanation and actions required for your request.,Investment portfolio update
003dM000005H5A6QAK,Inbound,2025-01-19T12:00:00.000Z,Unauthorized transaction dispute: Please find the detailed explanation and actions required for your request.,Unauthorized transaction dispute
003dM000005H5A6QAK,Inbound,2025-01-19T12:00:00.000Z,Business account setup assistance: Please find the detailed explanation and actions required for your request.,Business account setup assistance
003dM000005H5A6QAK,Inbound,2025-01-19T12:00:00.000Z,Bank statement download issue: Please find the detailed explanation and actions required for your request.,Bank statement download issue
003dM000005H5A6QAK,Inbound,2025-01-19T12:00:00.000Z,Credit score improvement tips: Please find the detailed explanation and actions required for your request.,Credit score improvement tips
003dM000005H5A6QAK,Inbound,2025-01-19T12:00:00.000Z,Joint account closure process: Please find the detailed explanation and actions required for your request.,Joint account closure process
003dM000005H5A6QAK,Inbound,2025-01-19T12:00:00.000Z,Recurring payment setup for utilities: Please find the detailed explanation and actions required for your request.,Recurring payment setup for utilities
003dM000005H5A6QAK,Inbound,2025-01-19T12:00:00.000Z,International wire transfer guidance: Please find the detailed explanation and actions required for your request.,International wire transfer guidance
003dM000005H5A6QAK,Inbound,2025-01-19T12:00:00.000Z,Foreign exchange rate inquiry: Please find the detailed explanation and actions required for your request.,Foreign exchange rate inquiry
003dM000005H5A6QAK,Inbound,2025-01-19T12:00:00.000Z,Cheque book reorder request: Please find the detailed explanation and actions required for your request.,Cheque book reorder request
003dM000005H5A7QAK,Inbound,2025-01-19T12:00:00.000Z,Tax document preparation support: Please find the detailed explanation and actions required for your request.,Tax document preparation support
003dM000005H5A7QAK,Inbound,2025-01-19T12:00:00.000Z,Fraud alert notification response: Please find the detailed explanation and actions required for your request.,Fraud alert notification response
003dM000005H5A7QAK,Inbound,2025-01-19T12:00:00.000Z,Loan pre-approval process explanation: Please find the detailed explanation and actions required for your request.,Loan pre-approval process explanation
003dM000005H5A7QAK,Inbound,2025-01-19T12:00:00.000Z,Mobile banking app troubleshooting: Please find the detailed explanation and actions required for your request.,Mobile banking app troubleshooting
003dM000005H5A7QAK,Inbound,2025-01-19T12:00:00.000Z,Fixed deposit maturity date reminder: Please find the detailed explanation and actions required for your request.,Fixed deposit maturity date reminder
003dM000005H5A7QAK,Inbound,2025-01-19T12:00:00.000Z,Child's savings account setup assistance: Please find the detailed explanation and actions required for your request.,Child's savings account setup assistance
003dM000005H5A7QAK,Inbound,2025-01-19T12:00:00.000Z,Home loan prepayment penalty discussion: Please find the detailed explanation and actions required for your request.,Home loan prepayment penalty discussion
003dM000005H5A7QAK,Inbound,2025-01-19T12:00:00.000Z,Account holder name correction process: Please find the detailed explanation and actions required for your request.,Account holder name correction process
003dM000005H5A7QAK,Inbound,2025-01-19T12:00:00.000Z,Lost card reporting and replacement: Please find the detailed explanation and actions required for your request.,Lost card reporting and replacement
003dM000005H5A7QAK,Inbound,2025-01-19T12:00:00.000Z,Online transaction failure resolution: Please find the detailed explanation and actions required for your request.,Online transaction failure resolution
003dM000005H5A8QAK,Inbound,2025-01-19T12:00:00.000Z,Customer loyalty program benefits: Please find the detailed explanation and actions required for your request.,Customer loyalty program benefits
003dM000005H5A8QAK,Inbound,2025-01-19T12:00:00.000Z,High-value transaction approval request: Please find the detailed explanation and actions required for your request.,High-value transaction approval request
003dM000005H5A8QAK,Inbound,2025-01-19T12:00:00.000Z,Monthly account maintenance fee explanation: Please find the detailed explanation and actions required for your request.,Monthly account maintenance fee explanation
003dM000005H5A8QAK,Inbound,2025-01-19T12:00:00.000Z,ATM withdrawal limit increase request: Please find the detailed explanation and actions required for your request.,ATM withdrawal limit increase request
003dM000005H5A8QAK,Inbound,2025-01-19T12:00:00.000Z,Retirement fund withdrawal procedure: Please find the detailed explanation and actions required for your request.,Retirement fund withdrawal procedure
003dM000005H5A8QAK,Inbound,2025-01-19T12:00:00.000Z,Salary account benefits exploration: Please find the detailed explanation and actions required for your request.,Salary account benefits exploration
003dM000005H5A8QAK,Inbound,2025-01-19T12:00:00.000Z,Recurring deposit account setup: Please find the detailed explanation and actions required for your request.,Recurring deposit account setup
003dM000005H5A8QAK,Inbound,2025-01-19T12:00:00.000Z,Credit card cashback program details: Please find the detailed explanation and actions required for your request.,Credit card cashback program details
003dM000005H5A8QAK,Inbound,2025-01-19T12:00:00.000Z,Disputed charges reimbursement inquiry: Please find the detailed explanation and actions required for your request.,Disputed charges reimbursement inquiry
003dM000005H5A8QAK,Inbound,2025-01-19T12:00:00.000Z,Standing instruction setup for rent: Please find the detailed explanation and actions required for your request.,Standing instruction setup for rent
003dM000005H5A8QAK,Inbound,2025-01-19T12:00:00.000Z,Online banking password reset help: Please find the detailed explanation and actions required for your request.,Online banking password reset help